{
  "fingerprint": "{\"brand\":\"DISCOVERY\",\"g\":300,\"tw\":{\"신발\":30,\"모자\":20,\"가방\":25,\"기타\":39},\"st\":{\"bySeason\":{\"27S\":10,\"26F\":50,\"26S\":70,\"27F\":0},\"currentDefault\":70,\"yearGroup\":{\"1년차\":60,\"2년차\":70},\"oldSeason\":80},\"sort\":null,\"s\":{\"tgtSales\":42656362,\"boSales\":89770600.15713048,\"salesYoyTgt\":130.70970914915767,\"salesYoyBo\":275.0794602850532,\"tgtEnding\":26902553,\"boEnding\":-20211685.15713047,\"tgtOpProfit\":8226624.278225957,\"boOpProfit\":33392518.916074533,\"sellThrough\":60.36296964668182,\"weeks\":26.23341198444781,\"purchase\":{\"sum\":1812019,\"sumYoy\":2.5372847422822056,\"apparel\":0,\"apparelYoy\":0,\"acc\":1812019,\"accYoy\":21.374011314896045},\"yoy\":{\"prevEnding\":67746896,\"tgtEndingYoyPct\":39.71038466470848,\"endingVsPrevAmt\":-40844343,\"tgtOpProfitYoyVs2025Pct\":71.84287834245171,\"boOpProfitYoyVs2025Pct\":291.6159281013012,\"apparelSellThroughPrev\":42.28580693975999,\"sellThroughDiffPp\":18.077162706921825,\"accWeeksPrev\":191.33853247996043,\"weeksDiff\":-165.10512049551264}}}",
  "analysis": {
    "box1": {
      "stats": {
        "bo_inventory": -20212,
        "tgt_inventory": 26903,
        "gap": 47114
      },
      "summary": "전사 TGT 기말재고 26,903K는 BO목표 -20,212K 대비 47,114K 높지만, 전년 67,747K 대비 40% 수준으로 대폭 축소되었습니다. 의류 Sell-through 60.4%(전년비 +18.1%p), ACC 재고주수 26.2주(전년비 -165.1주)로 소진 효율성이 크게 개선되어 전반적으로 적정 수준을 유지하고 있습니다.",
      "over_inventory": [
        {
          "code": "D066",
          "name": "창춘 언허 브랜드관리 유한회사",
          "risk": "최위험",
          "bo": -9063,
          "tgt": 5296,
          "gap": 14360,
          "basis": "Sell-through 61.7%로 평균 이하이고 전년비 -1.0%p 악화, ACC 재고주수 27.4주로 높은 편",
          "comment": "대규모 매입 증가 대비 소진 부진으로 재고 적체 위험"
        },
        {
          "code": "D029",
          "name": "베이징 자상 국제패션 유한회사",
          "risk": "위험",
          "bo": -3122,
          "tgt": 2299,
          "gap": 5422,
          "basis": "영업이익 -2,951K 적자 상태, 기말재고 대비 매출성장 부족",
          "comment": "이익성 악화와 재고 부담 동시 발생"
        }
      ],
      "under_inventory": [
        {
          "code": "D058",
          "name": "펑성(광저우) 브랜드관리 유한회사",
          "bo": -1056,
          "tgt": 762,
          "gap": 1819,
          "basis": "매출성장률 493%로 최고 수준이며 Sell-through 60.0%에 +50.1%p 개선",
          "comment": "급성장 대비 재고 부족으로 기회 손실 가능성"
        },
        {
          "code": "D068",
          "name": "장쑤 행운의잎 디지털과학기술 유한회사",
          "bo": -881,
          "tgt": 429,
          "gap": 1310,
          "basis": "매출성장률 369%로 높고 Sell-through +46.0%p 대폭 개선",
          "comment": "신규 성장 채널로 추가 재고 확보 필요"
        }
      ],
      "good": [
        {
          "code": "D020",
          "name": "장시 차오밍차오 무역 유한회사",
          "comment": "Sell-through 60.0%, 재고주수 27.1주로 적정하며 영업이익 안정적"
        },
        {
          "code": "D055",
          "name": "우한 딩상 무역 유한회사",
          "comment": "매출성장 123%와 함께 재고 효율성 양호한 균형"
        }
      ],
      "actions": [
        "창춘·베이징 대리상 재고 소진 프로모션 긴급 실행",
        "펑성·장쑤 대리상 추가 물량 공급 검토",
        "전체 ACC 재고주수 25주 이하 목표 관리"
      ]
    },
    "box2": {
      "stats": {
        "bo_sales": 89771,
        "tgt_sales": 42656,
        "gap": -47115
      },
      "summary": "TGT 매출 42,656K(전년비 130.7%)는 보수적이나 현실적 목표이며, BO목표 89,771K(전년비 275.1%)는 공격적 설정입니다. TGT 대비 BO 비율이 47.5%로 상당한 갭이 존재하여 목표 조정이 필요합니다.",
      "growth_leaders": [
        {
          "code": "D058",
          "name": "펑성(광저우) 브랜드관리 유한회사",
          "tgt_growth": "493%",
          "bo_growth": "1268%",
          "comment": "브랜드관리 전문성으로 폭발적 성장 달성"
        },
        {
          "code": "D068",
          "name": "장쑤 행운의잎 디지털과학기술 유한회사",
          "tgt_growth": "369%",
          "bo_growth": "1119%",
          "comment": "디지털 채널 강점으로 신규 성장 동력 확보"
        }
      ],
      "underperformers": [
        {
          "code": "D065",
          "name": "산시 잉쉬안 무역 유한회사",
          "tgt_growth": "96%",
          "comment": "성장률이 평균 이하로 시장 대응력 부족"
        },
        {
          "code": "D066",
          "name": "창춘 언허 브랜드관리 유한회사",
          "tgt_growth": "82%",
          "comment": "대규모 매입 대비 매출 성장 미흡"
        }
      ],
      "unrealistic": [
        {
          "code": "D058",
          "name": "펑성(광저우) 브랜드관리 유한회사",
          "comment": "BO목표 1268% 성장은 현실적 한계 초과"
        },
        {
          "code": "D054",
          "name": "푸루이다(선양) 무역 유한회사",
          "comment": "BO목표 811% 성장은 과도하게 공격적"
        }
      ],
      "actions": [
        "고성장 대리상 성공 모델 전파",
        "저성장 대리상 마케팅 지원 강화",
        "BO목표 현실적 수준으로 재조정"
      ]
    },
    "box3": {
      "stats": {
        "bo_profit": 33393,
        "tgt_profit": 8227,
        "gap": -25166
      },
      "summary": "TGT 영업이익 8,227K(전년비 71.8%)는 보수적이나 안정적이며, BO목표 33,393K(전년비 291.6%)는 매우 공격적입니다. 재고 효율성 개선에도 불구하고 영업이익 갭이 25,166K로 상당한 조정이 필요합니다.",
      "improvers": [
        {
          "code": "D022",
          "name": "신장 선산스 상무 유한회사",
          "tgt_yoy": "372%",
          "comment": "매출성장과 함께 이익성 크게 개선"
        },
        {
          "code": "D058",
          "name": "펑성(광저우) 브랜드관리 유한회사",
          "tgt_yoy": "572%",
          "comment": "브랜드관리 전문성으로 수익성 극대화"
        }
      ],
      "decliners": [
        {
          "code": "D066",
          "name": "창춘 언허 브랜드관리 유한회사",
          "tgt_yoy": "69%",
          "bo_yoy": "199%",
          "comment": "매입 급증 대비 이익률 하락"
        },
        {
          "code": "D065",
          "name": "산시 잉쉬안 무역 유한회사",
          "tgt_yoy": "86%",
          "bo_yoy": "118%",
          "comment": "성장 둔화로 수익성 압박"
        }
      ],
      "most_dangerous": [
        {
          "code": "D029",
          "name": "베이징 자상 국제패션 유한회사",
          "reason": "재고↑ + 이익↓",
          "comment": "적자 전환과 재고 부담 동시 발생으로 긴급 대응 필요"
        },
        {
          "code": "D011",
          "name": "청두 바오캉 의류상무 유한회사",
          "reason": "재고↑ + 이익↓",
          "comment": "영업이익 -1,965K 적자에 재고 과다 상태"
        }
      ],
      "actions": [
        "적자 대리상 긴급 수익성 개선 방안 수립",
        "고수익 대리상 성공 요인 분석 및 확산",
        "영업이익 목표 현실적 재설정"
      ]
    },
    "box5": {
      "stats": {
        "sum": 1812,
        "sum_yoy_pct": 2.5,
        "apparel": 0,
        "apparel_yoy_pct": 0,
        "acc": 1812,
        "acc_yoy_pct": 21.4
      },
      "summary": "전체 매입 1,812K(YOY 2.5%)로 전년 대비 미미한 증가이며, 의류 매입은 0K로 중단되고 ACC만 1,812K(YOY 21.4%) 매입이 이루어졌습니다. ACC 중심의 매입 전략으로 전환된 것으로 보입니다.",
      "high_yoy": [
        {
          "code": "D066",
          "name": "창춘 언허 브랜드관리 유한회사",
          "note": "ACC 매입 1,828K로 YOY 129% 최고 증가",
          "comment": "ACC 카테고리 집중 투자 전략"
        },
        {
          "code": "D029",
          "name": "베이징 자상 국제패션 유한회사",
          "note": "ACC 매입 588K로 YOY 85% 증가",
          "comment": "ACC 중심 포트폴리오 확대"
        }
      ],
      "low_yoy": [
        {
          "code": "D011",
          "name": "청두 바오캉 의류상무 유한회사",
          "note": "매입 -597K로 YOY -81% 대폭 감소",
          "comment": "매입 축소로 재고 리스크 관리"
        },
        {
          "code": "D054",
          "name": "푸루이다(선양) 무역 유한회사",
          "note": "매입 -293K로 YOY -56% 감소",
          "comment": "보수적 매입으로 수익성 우선"
        }
      ],
      "actions": [
        "의류 매입 중단 배경 분석 및 재개 계획 수립",
        "ACC 매입 급증 대리상 소진 능력 점검",
        "카테고리별 매입 균형 전략 재검토"
      ]
    },
    "box4": {
      "insights": [
        "ACC 중심 매입 전환으로 전체 매입은 소폭 증가에 그쳤으나 ACC 재고주수는 26.2주로 적정 관리",
        "의류 Sell-through 60.4%로 전년비 18.1%p 개선되어 소진 효율성이 크게 향상",
        "TGT와 BO목표 간 매출 갭이 47,115K, 영업이익 갭이 25,166K로 목표 조정 필요"
      ],
      "urgent": [
        {
          "code": "D029",
          "name": "베이징 자상 국제패션 유한회사",
          "action": "적자 전환 원인 분석 및 긴급 수익성 회복 방안 실행"
        },
        {
          "code": "D011",
          "name": "청두 바오캉 의류상무 유한회사",
          "action": "영업이익 적자 해결을 위한 재고 소진 및 비용 절감"
        }
      ],
      "reduce_inventory": [
        {
          "code": "D066",
          "name": "창춘 언허 브랜드관리 유한회사",
          "action": "대규모 재고 대비 소진율 개선을 위한 프로모션 강화"
        }
      ],