{
  "fingerprint": "{\"brand\":\"DISCOVERY\",\"g\":300,\"tw\":{\"신발\":30,\"모자\":20,\"가방\":25,\"기타\":39},\"st\":{\"bySeason\":{\"27S\":10,\"26F\":50,\"26S\":70,\"27F\":0},\"yearGroup\":{\"1년차\":60,\"2년차\":70},\"oldSeason\":80},\"sort\":{\"col\":\"ending\",\"dir\":\"desc\"},\"s\":{\"tgtSales\":42656362,\"boSales\":89770600.15713048,\"salesYoyTgt\":130.70970914915767,\"salesYoyBo\":275.0794602850532,\"tgtEnding\":26902553,\"boEnding\":-20211685.15713047,\"tgtOpProfit\":8226624.278225957,\"boOpProfit\":33392518.916074533,\"sellThrough\":60.36296964668182,\"weeks\":26.23341198444781,\"purchase\":{\"sum\":1812019,\"sumYoy\":2.5372847422822056,\"apparel\":0,\"apparelYoy\":0,\"acc\":1812019,\"accYoy\":21.374011314896045},\"yoy\":{\"prevEnding\":67746896,\"tgtEndingYoyPct\":39.71038466470848,\"endingVsPrevAmt\":-40844343,\"tgtOpProfitYoyVs2025Pct\":71.84287834245171,\"boOpProfitYoyVs2025Pct\":291.6159281013012,\"apparelSellThroughPrev\":42.28580693975999,\"sellThroughDiffPp\":18.077162706921825,\"accWeeksPrev\":191.33853247996043,\"weeksDiff\":-165.10512049551264}}}",
  "analysis": {
    "box1": {
      "stats": {
        "bo_inventory": -20212,
        "tgt_inventory": 26903,
        "gap": 47114
      },
      "summary": "전사 TGT 기말재고 26,903K은 BO목표 대비 233% 높아 47,114K 갭 발생. 전년 대비 40% 수준으로 대폭 감축되었으나, 의류 Sell-through 60.4%와 ACC 재고주수 26.2주는 양호한 소진율을 보임.",
      "over_inventory": [
        {
          "code": "D066",
          "name": "창춘 언허 브랜드관리 유한회사",
          "risk": "최위험",
          "bo": -9063,
          "tgt": 5296,
          "gap": 14360,
          "basis": "Sell-through 61.7%로 전년비 -1.0%p 하락, 매출성장률 82%로 전체 131% 대비 부진",
          "comment": "재고 부담 가중으로 할인 소진 및 신속 자금회수 필요"
        },
        {
          "code": "D004",
          "name": "하얼빈 린자 상무 유한회사",
          "risk": "위험",
          "bo": -9675,
          "tgt": 4014,
          "gap": 13689,
          "basis": "기말재고 전년비 39%로 감축되었으나 매출성장률 108%에 비해 재고부담 상존",
          "comment": "매출 확대 대비 재고 최적화를 통한 효율성 개선 필요"
        }
      ],
      "under_inventory": [
        {
          "code": "D058",
          "name": "펑성(광저우) 브랜드관리 유한회사",
          "bo": -1056,
          "tgt": 762,
          "gap": 1819,
          "basis": "매출성장률 493%로 전체 대비 3.8배 높고, Sell-through 60.0%, ACC 재고주수 24.9주로 소진율 우수",
          "comment": "폭발적 성장 대비 재고 부족으로 품절 리스크 관리 필요"
        },
        {
          "code": "D022",
          "name": "신장 선산스 상무 유한회사",
          "bo": 1062,
          "tgt": 932,
          "gap": -130,
          "basis": "매출성장률 350%로 높고, 영업이익 전년비 372% 급성장하며 재고주수 25.5주로 적정",
          "comment": "고성장 지속을 위한 재고 확보 및 공급망 안정화 필요"
        }
      ],
      "good": [
        {
          "code": "D065",
          "name": "산시 잉쉬안 무역 유한회사",
          "comment": "Sell-through 60.4%, 재고주수 25.7주로 균형잡힌 재고관리"
        },
        {
          "code": "D055",
          "name": "우한 딩상 무역 유한회사",
          "comment": "기말재고 1,369K, 영업이익 전년비 114%로 안정적 성장"
        }
      ],
      "actions": [
        "재고 과다 대리상 할인판매 및 소진계획 수립",
        "고성장 대리상 재고확보 및 품절방지 대책",
        "전체 재고주수 25주 내외 유지를 위한 입고량 조정"
      ]
    },
    "box2": {
      "stats": {
        "bo_sales": 89771,
        "tgt_sales": 42656,
        "gap": -47115
      },
      "summary": "전사 TGT 매출 42,656K은 BO목표 89,771K 대비 47.5% 수준으로 보수적 계획. TGT 130.7% vs BO 275.1%로 전년 대비 성장률 격차 144.4%p 발생.",
      "growth_leaders": [
        {
          "code": "D058",
          "name": "펑성(광저우) 브랜드관리 유한회사",
          "tgt_growth": "493%",
          "bo_growth": "1268%",
          "comment": "폭발적 성장세로 시장 확대 및 브랜드 인지도 급상승"
        },
        {
          "code": "D011",
          "name": "청두 바오캉 의류상무 유한회사",
          "tgt_growth": "362%",
          "bo_growth": "0%",
          "comment": "TGT 기준 고성장이나 BO 계획 부재로 실행력 검토 필요"
        }
      ],
      "underperformers": [
        {
          "code": "D066",
          "name": "창춘 언허 브랜드관리 유한회사",
          "tgt_growth": "82%",
          "comment": "전체 성장률 131% 대비 부진, 시장 경쟁력 강화 필요"
        },
        {
          "code": "D065",
          "name": "산시 잉쉬안 무역 유한회사",
          "tgt_growth": "96%",
          "comment": "평균 이하 성장률로 마케팅 및 판매전략 재점검 요구"
        }
      ],
      "unrealistic": [
        {
          "code": "D054",
          "name": "푸루이다(선양) 무역 유한회사",
          "comment": "BO목표 811% 성장률은 TGT 235% 대비 과도하게 공격적"
        }
      ],
      "actions": [
        "고성장 대리상 공급망 확보 및 마케팅 지원 강화",
        "부진 대리상 판매전략 재수립 및 인센티브 프로그램 도입",
        "BO vs TGT 갭 해소를 위한 단계적 목표 조정"
      ]
    },
    "box3": {
      "stats": {
        "bo_profit": 33393,
        "tgt_profit": 8227,
        "gap": -25166
      },
      "summary": "전사 TGT 영업이익 8,227K은 BO목표 33,393K 대비 24.6% 수준. TGT 전년비 71.8% vs BO 291.6%로 수익성 목표 간 큰 격차 존재.",
      "improvers": [
        {
          "code": "D058",
          "name": "펑성(광저우) 브랜드관리 유한회사",
          "tgt_yoy": "572%",
          "comment": "매출 급성장에 따른 수익성 대폭 개선, 모범사례로 확산"
        },
        {
          "code": "D022",
          "name": "신장 선산스 상무 유한회사",
          "tgt_yoy": "372%",
          "comment": "지역 특성 활용한 효율적 운영으로 고수익성 달성"
        }
      ],
      "decliners": [
        {
          "code": "D011",
          "name": "청두 바오캉 의류상무 유한회사",
          "tgt_yoy": "-307%",
          "bo_yoy": "-4%",
          "comment": "손실 확대로 사업구조 재편 및 비용절감 시급"
        },
        {
          "code": "D029",
          "name": "베이징 자상 국제패션 유한회사",
          "tgt_yoy": "130%",
          "bo_yoy": "27%",
          "comment": "TGT는 개선되나 BO 기준 여전히 부진한 수익구조"
        }
      ],
      "most_dangerous": [
        {
          "code": "D011",
          "name": "청두 바오캉 의류상무 유한회사",
          "reason": "재고↑ + 이익↓",
          "comment": "영업손실 지속으로 즉시 구조조정 및 사업 재검토 필요"
        }
      ],
      "actions": [
        "손실 대리상 긴급 구조조정 및 비용절감 프로그램 실시",
        "고수익 대리상 성공사례 분석 및 타 지역 확산",
        "영업이익률 개선을 위한 가격정책 및 상품믹스 최적화"
      ]
    },
    "box5": {
      "stats": {
        "sum": 1812,
        "sum_yoy_pct": 2.5,
        "apparel": 0,
        "apparel_yoy_pct": 0,
        "acc": 1812,
        "acc_yoy_pct": 21.4
      },
      "summary": "전사 매입 1,812K로 전년비 2.5% 소폭 증가. 의류 매입은 0K로 중단되고 ACC 매입만 1,812K(YOY 21.4%)로 ACC 중심 전략 전환.",
      "high_yoy": [
        {
          "code": "D066",
          "name": "창춘 언허 브랜드관리 유한회사",
          "note": "ACC 매입 YOY 129%로 강력한 액세서리 확대",
          "comment": "의류 대비 ACC 포트폴리오 집중 전략 추진"
        },
        {
          "code": "D029",
          "name": "베이징 자상 국제패션 유한회사",
          "note": "ACC 매입 YOY 85%로 견조한 성장",
          "comment": "수도권 ACC 시장 확대를 통한 매출다각화"
        }
      ],
      "low_yoy": [
        {
          "code": "D011",
          "name": "청두 바오캉 의류상무 유한회사",
          "note": "매입 합계 YOY -14%로 부진",
          "comment": "사업 축소 모드로 선별적 매입 전략 필요"
        },
        {
          "code": "D054",
          "name": "푸루이다(선양) 무역 유한회사",
          "note": "매입 합계 YOY -5%로 감소",
          "comment": "매출 성장 계획 대비 매입 부족으로 공급망 점검 요구"
        }
      ],
      "actions": [
        "ACC 중심 매입전략 강화 및 의류 매입 재개 검토",
        "매입 부진 대리상 상품구색 및 재고회전율 개선",
        "전체 매입 규모 확대를 통한 성장동력 확보"
      ]
    },
    "box4": {
      "insights": [
        "TGT는 보수적, BO는 공격적 계획으로 매출 47.5%, 영업이익 24.6% 갭 발생",
        "의류 매입 중단, ACC 매입 21.4% 증가로 포트폴리오 전환 명확",
        "재고 전년비 40% 감축 성과에도 일부 대리상 과다재고 위험 상존"
      ],
      "urgent": [
        {
          "code": "D011",
          "name": "청두 바오캉 의류상무 유한회사",
          "action": "영업손실 지속으로 즉시 사업구조 재편 및 손실방지 조치"
        }
      ],
      "reduce_inventory": [
        {
          "code": "D066",
          "name": "창춘 언허 브랜드관리 유한회사",
          "action": "할인판매 통한 신속 재고소진 및 현금흐름 개선"
        }
      ],
      "expand_sales": [
        {
          "code": "D058",
          "name": "펑성(광저우) 브랜드관리 유한회사",
          "action": "고성장세 유지를 위한 재고확보 및 마케팅 투자 확대"
        }
      ],
      "maintain": [
        {
          "code": "D065",
          "name": "산시 잉쉬안 무역 유한회사",
          "action": "현재 균형잡힌 재고관리 체계 지속 유지"
        }
      ],
      "per_distributor": [
        {
          "code": "D011",
          "name": "청두 바오캉 의류상무 유한회사",