{
  "fingerprint": "{\"brand\":\"MLB KIDS\",\"g\":100,\"tw\":{\"신발\":30,\"모자\":20,\"가방\":25,\"기타\":39},\"st\":{\"bySeason\":{\"27S\":10,\"26F\":50,\"26S\":70,\"27F\":0},\"currentDefault\":70,\"yearGroup\":{\"1년차\":60,\"2년차\":70},\"oldSeason\":80},\"sort\":null,\"s\":{\"tgtSales\":356163140,\"boSales\":323244863.3516847,\"salesYoyTgt\":101.41329727141381,\"salesYoyBo\":92.04020219088909,\"tgtEnding\":196315610,\"boEnding\":229233886.6483153,\"tgtOpProfit\":39732217.87927386,\"boOpProfit\":33180881.870124303,\"sellThrough\":63.94024640190609,\"weeks\":27.307299707587205,\"purchase\":{\"sum\":246010156,\"sumYoy\":91.13791259444429,\"apparel\":168120000,\"apparelYoy\":88.92871321056506,\"acc\":77890156,\"accYoy\":96.30164111070127},\"yoy\":{\"prevEnding\":306468524,\"tgtEndingYoyPct\":64.05734834941809,\"endingVsPrevAmt\":-110152914,\"tgtOpProfitYoyVs2025Pct\":73.34816003506953,\"boOpProfitYoyVs2025Pct\":61.253983880526654,\"apparelSellThroughPrev\":52.23451710547556,\"sellThroughDiffPp\":11.705729296430526,\"accWeeksPrev\":42.08141935055185,\"weeksDiff\":-14.774119642964642}}}",
  "analysis": {
    "box1": {
      "stats": {
        "bo_inventory": 229234,
        "tgt_inventory": 196316,
        "gap": -32918
      },
      "summary": "TGT 재고는 196,316K로 전년 대비 64.1% 수준이며, BO목표 재고 229,234K보다 32,918K 적습니다. 전년 대비 재고가 110,153K 감소하며 의류 Sell-through는 63.9%로 전년 대비 11.7%p 개선, ACC 재고주수는 27.3주로 14.8주 단축되어 전반적인 재고 효율성이 향상되었습니다.",
      "over_inventory": [
        {
          "code": "D023",
          "name": "선양 루이위안허 상무 유한회사",
          "risk": "최위험",
          "bo": 1839,
          "tgt": 5038,
          "gap": 3199,
          "basis": "매입 YOY 105%로 강하지만 매출성장률 87%, Sell-through 62.5%로 전년비 -1.6%p 하락",
          "comment": "매입 대비 매출 소진이 부진하여 재고 부담 확대"
        },
        {
          "code": "D072",
          "name": "윈난 헝판 상무 유한회사",
          "risk": "중위험",
          "bo": 6046,
          "tgt": 6306,
          "gap": 260,
          "basis": "Sell-through 62.7%로 전년비 -15.7%p 급락, 매출성장률 97%로 부진",
          "comment": "판매율 급감으로 재고 소진 능력 저하"
        }
      ],
      "under_inventory": [
        {
          "code": "D028",
          "name": "샤먼 바이룬 의류 유한회사",
          "bo": 14419,
          "tgt": 6614,
          "gap": -7806,
          "basis": "매출성장률 324%로 급성장, 매입 YOY 572%로 대폭 확대, Sell-through 58.7%",
          "comment": "급속한 성장세 대비 재고 부족으로 품절 리스크"
        },
        {
          "code": "D020",
          "name": "장시 차오밍차오 무역 유한회사",
          "bo": 4125,
          "tgt": 2107,
          "gap": -2018,
          "basis": "매출성장률 165%로 급성장, Sell-through 64.1%로 전년비 31.8%p 대폭 개선",
          "comment": "성장세 대비 재고 부족으로 매출 기회 손실 우려"
        }
      ],
      "good": [
        {
          "code": "D039",
          "name": "장쑤 준시 네트워크과학기술 유한회사",
          "comment": "매입 102%, 매출성장률 105%로 균형잡힌 성장"
        },
        {
          "code": "D046",
          "name": "베이징 란멍위치 무역 유한회사",
          "comment": "매출성장률 108%로 양호하고 재고주수 -18.4주로 효율성 개선"
        }
      ],
      "actions": [
        "재고 과다 대리상(D023, D072) 대상 할인 프로모션 및 재고 소진 지원",
        "재고 부족 대리상(D028, D020) 긴급 물량 공급 및 재고 확충",
        "Sell-through 부진 대리상 대상 판매 전략 수정 및 마케팅 지원 강화"
      ]
    },
    "box2": {
      "stats": {
        "bo_sales": 323245,
        "tgt_sales": 356163,
        "gap": 32918
      },
      "summary": "TGT 매출은 356,163K로 BO목표 대비 110.2% 달성하며 32,918K 초과했습니다. 전년 대비 101.4% 성장으로 안정적 성장세를 보이며, TGT가 보다 공격적이면서도 현실적인 목표를 제시하고 있습니다.",
      "growth_leaders": [
        {
          "code": "D028",
          "name": "샤먼 바이룬 의류 유한회사",
          "tgt_growth": "324%",
          "bo_growth": "59%",
          "comment": "의류 매입 704% 증가로 급속 성장 견인"
        },
        {
          "code": "D020",
          "name": "장시 차오밍차오 무역 유한회사",
          "tgt_growth": "165%",
          "bo_growth": "78%",
          "comment": "TGT와 BO 목표 간 큰 격차로 성장 잠재력 확인"
        }
      ],
      "underperformers": [
        {
          "code": "D072",
          "name": "윈난 헝판 상무 유한회사",
          "tgt_growth": "97%",
          "comment": "매입 대비 매출 성장 부진으로 개선 필요"
        },
        {
          "code": "D023",
          "name": "선양 루이위안허 상무 유한회사",
          "tgt_growth": "87%",
          "comment": "매입 105%에도 불구하고 매출 성장률 저조"
        }
      ],
      "unrealistic": [
        {
          "code": "D001",
          "name": "상하이 링보 상무 유한회사",
          "comment": "BO목표 64% 대비 TGT 103%로 목표 차이 과도"
        }
      ],
      "actions": [
        "급성장 대리상(D028, D020) 대상 공급망 및 물류 지원 확대",
        "성장 부진 대리상 마케팅 전략 재검토 및 판매 인센티브 강화",
        "TGT와 BO 목표 차이가 큰 대리상 대상 현실적 목표 재설정"
      ]
    },
    "box3": {
      "stats": {
        "bo_profit": 33181,
        "tgt_profit": 39732,
        "gap": 6551
      },
      "summary": "TGT 영업이익은 39,732K로 BO목표 33,181K 대비 19.7% 높으며, 전년 대비 73.3% 수준을 유지했습니다. TGT 시뮬레이션이 더 효율적인 재고 관리를 통해 높은 수익성을 달성할 것으로 예상됩니다.",
      "improvers": [
        {
          "code": "D028",
          "name": "샤먼 바이룬 의류 유한회사",
          "tgt_yoy": "634%",
          "comment": "급속한 매출 성장과 함께 수익성 대폭 개선"
        },
        {
          "code": "D020",
          "name": "장시 차오밍차오 무역 유한회사",
          "tgt_yoy": "282%",
          "comment": "효율적인 재고 관리로 높은 수익성 달성"
        }
      ],
      "decliners": [
        {
          "code": "D025",
          "name": "화초 이통 국제무역 유한회사",
          "tgt_yoy": "-88%",
          "bo_yoy": "22%",
          "comment": "재고 부담 증가로 수익성 악화"
        },
        {
          "code": "D023",
          "name": "선양 루이위안허 상무 유한회사",
          "tgt_yoy": "-1399%",
          "bo_yoy": "191%",
          "comment": "재고 과다로 손실 확대"
        }
      ],
      "most_dangerous": [
        {
          "code": "D023",
          "name": "선양 루이위안허 상무 유한회사",
          "reason": "재고↑ + 이익↓",
          "comment": "재고 부담 증가와 동시에 영업손실 발생"
        }
      ],
      "actions": [
        "수익성 개선 대리상 성공 사례 분석 및 전파",
        "손실 대리상 긴급 구조조정 및 재고 정리 지원",
        "재고 효율성과 수익성 연계한 성과 관리 체계 강화"
      ]
    },
    "box5": {
      "stats": {
        "sum": 246010,
        "sum_yoy_pct": 91.1,
        "apparel": 168120,
        "apparel_yoy_pct": 88.9,
        "acc": 77890,
        "acc_yoy_pct": 96.3
      },
      "summary": "전체 매입은 246,010K로 전년 대비 91.1% 수준이며, 의류 88.9%, ACC 96.3%로 전반적으로 보수적 매입을 유지했습니다. ACC 매입이 상대적으로 안정적이며, 의류 매입 축소가 전체 감소를 주도했습니다.",
      "high_yoy": [
        {
          "code": "D028",
          "name": "샤먼 바이룬 의류 유한회사",
          "note": "매입 합계 YOY 572%로 최고 성장",
          "comment": "급속한 사업 확장에 따른 대폭적 매입 증가"
        },
        {
          "code": "D070",
          "name": "베이징 치묘 과학기술 유한회사",
          "note": "매입 합계 YOY 214%로 강한 성장",
          "comment": "신규 시장 진입에 따른 적극적 매입 정책"
        }
      ],
      "low_yoy": [
        {
          "code": "D001",
          "name": "상하이 링보 상무 유한회사",
          "note": "매입 합계 YOY 51%로 대폭 감소",
          "comment": "시장 여건 악화로 보수적 매입 전략 채택"
        },
        {
          "code": "D027",
          "name": "아이비(광저우) 투자 유한회사",
          "note": "매입 합계 YOY 44%로 급감",
          "comment": "사업 축소 또는 전략 변경에 따른 매입 대폭 감소"
        }
      ],
      "actions": [
        "고성장 대리상 공급 능력 확대 및 물류 지원 강화",
        "매입 부진 대리상 원인 분석 및 맞춤형 지원 방안 마련",
        "세그먼트별 매입 트렌드 분석을 통한 상품 믹스 최적화"
      ]
    },
    "box4": {
      "insights": [
        "TGT 시뮬레이션이 BO목표 대비 재고 효율성과 수익성에서 우수한 균형점을 제시",
        "급성장 대리상(D028, D020)과 부진 대리상(D023, D072) 간 양극화 현상 심화",
        "전년 대비 의류 Sell-through 11.7%p 개선과 ACC 재고주수 14.8주 단축으로 전반적 효율성 향상"
      ],
      "urgent": [
        {
          "code": "D023",
          "name": "선양 루이위안허 상무 유한회사",
          "action": "영업손실 확대 방지를 위한 긴급 재고 정리 및 사업구조 재검토"
        }
      ],
      "reduce_inventory": [
        {
          "code": "D072",
          "name": "윈난 헝판 상무 유한회사",
          "action": "Sell-through 15.7%p 하락 원인 분석 및 재고 소진 프로모션 실행"
        }
      ],
      "expand_sales": [
        {
          "code": "D028",
          "name": "샤먼 바이룬 의류 유한회사",
          "action": "급성장세 지속을 위한 공급망 확충 및 시장 확대 지원"
        }
      ],
      "maintain": [
        {
          "code": "D039",
          "name": "장쑤 준시 네트워크과학기술 유한회사",