{
  "fingerprint": "{\"brand\":\"MLB\",\"g\":105,\"tw\":{\"신발\":30,\"모자\":20,\"가방\":25,\"기타\":39},\"st\":{\"bySeason\":{\"27S\":10,\"26F\":50,\"26S\":70,\"27F\":0},\"yearGroup\":{\"1년차\":60,\"2년차\":70},\"oldSeason\":80},\"sort\":{\"col\":\"ending\",\"dir\":\"desc\"},\"s\":{\"tgtSales\":8950943859,\"boSales\":8490464950.557558,\"salesYoyTgt\":110.15100836984948,\"salesYoyBo\":104.48431925895953,\"tgtEnding\":5242374737,\"boEnding\":5702853645.44244,\"tgtOpProfit\":1686081004.5425916,\"boOpProfit\":1495364079.885444,\"sellThrough\":61.23532644904331,\"weeks\":27.139403691517042,\"purchase\":{\"sum\":8318555899,\"sumYoy\":90.47661914422184,\"apparel\":5024796000,\"apparelYoy\":99.14656790929263,\"acc\":3293759899,\"accYoy\":79.82740945451063},\"yoy\":{\"prevEnding\":5874766873,\"tgtEndingYoyPct\":89.23545138605536,\"endingVsPrevAmt\":-632392136,\"tgtOpProfitYoyVs2025Pct\":103.68887563103264,\"boOpProfitYoyVs2025Pct\":91.96036233408536,\"apparelSellThroughPrev\":55.259348250804194,\"sellThroughDiffPp\":5.975978198239119,\"accWeeksPrev\":35.80007989816479,\"weeksDiff\":-8.660676206647747}}}",
  "analysis": {
    "box1": {
      "stats": {
        "bo_inventory": 5689827,
        "tgt_inventory": 5235861,
        "gap": -453965
      },
      "summary": "TGT 시뮬은 BO 대비 45만K 적은 재고로 보수적 접근을 보이며, 전년 대비 63만K 감소(89.1%)로 재고 효율성을 추구합니다. 의류 Sell-through가 전년비 6.0%p 개선되고 ACC 재고주수가 8.7주 단축되어 재고 소진 속도가 향상되었습니다.",
      "over_inventory": [
        {
          "code": "D032",
          "name": "선전 요우잉 무역 유한회사",
          "risk": "최위험",
          "bo": 42978,
          "tgt": 70139,
          "gap": 27161,
          "basis": "Sell-through 60.7%로 전년비 -9.8%p 하락하고 영업이익 YOY 58%로 크게 부진한 상황에서 TGT 재고가 163% 초과",
          "comment": "매출 대비 과도한 재고로 긴급 재고 소진 필요"
        },
        {
          "code": "D026",
          "name": "선전 푸뤄스 무역 유한회사",
          "risk": "위험",
          "bo": 134487,
          "tgt": 135851,
          "gap": 1364,
          "basis": "기말재고 YOY 61%로 크게 감소했지만 매입 YOY가 51%로 극도로 부진하고 ACC 재고주수가 27.8주로 높음",
          "comment": "매입 부진과 재고 소진 지연으로 균형 조정 필요"
        }
      ],
      "under_inventory": [
        {
          "code": "D073",
          "name": "산둥 더쥔펑 브랜드관리 유한회사",
          "bo": 210311,
          "tgt": 204351,
          "gap": -5961,
          "basis": "매출성장률 111%로 강력한 성장세이고 매입 YOY 166%로 공격적 확장 중인데 TGT 재고가 BO 대비 부족",
          "comment": "성장 동력 유지를 위한 재고 확보 필요"
        },
        {
          "code": "D072",
          "name": "윈난 헝판 상무 유한회사",
          "bo": 87392,
          "tgt": 96675,
          "gap": 9283,
          "basis": "매출성장률 105%이고 매입 YOY 124%로 강한 성장세를 보이지만 Sell-through가 전년비 -16.5%p 하락",
          "comment": "성장세 대비 재고 소진율 개선 필요"
        }
      ],
      "good": [
        {
          "code": "D004",
          "name": "하얼빈 린자 상무 유한회사",
          "comment": "매출·영업이익·재고 모든 지표가 안정적 균형"
        },
        {
          "code": "D012",
          "name": "항저우 위전 상업 유한회사",
          "comment": "매출성장과 재고관리의 최적 밸런스 유지"
        }
      ],
      "actions": [
        "재고 과다 대리상 대상 할인 판촉 강화",
        "성장 대리상 재고 공급 확대",
        "Sell-through 기준 재고 배분 최적화"
      ]
    },
    "box2": {
      "stats": {
        "bo_sales": 8490465,
        "tgt_sales": 8944430,
        "gap": 453965
      },
      "summary": "TGT는 BO 대비 5.3% 높은 89.4억K 매출을 목표로 하며 전년 대비 10.1% 성장을 계획합니다. BO의 4.5% 성장 대비 더욱 공격적인 목표를 설정하여 시장 점유율 확대를 추구합니다.",
      "growth_leaders": [
        {
          "code": "D073",
          "name": "산둥 더쥔펑 브랜드관리 유한회사",
          "tgt_growth": "111%",
          "bo_growth": "110%",
          "comment": "매입 확대 기반의 안정적 고성장 달성"
        },
        {
          "code": "D014",
          "name": "충칭 쉬안거 상무 유한회사",
          "tgt_growth": "133%",
          "bo_growth": "109%",
          "comment": "TGT가 BO 대비 24%p 높은 공격적 성장 목표"
        }
      ],
      "underperformers": [
        {
          "code": "D030",
          "name": "XI＇AN MEISHANG",
          "tgt_growth": "35%",
          "comment": "신규 또는 철수 예정으로 보이는 극도로 부진한 실적"
        },
        {
          "code": "D050",
          "name": "QINGDAO XINHANGXING",
          "tgt_growth": "17%",
          "comment": "신규 진입 단계로 추정되는 저조한 매출"
        }
      ],
      "unrealistic": [
        {
          "code": "D025",
          "name": "화초 이통 국제무역 유한회사",
          "comment": "130% 성장률이 과도하게 낙관적일 수 있음"
        }
      ],
      "actions": [
        "성장 동력 대리상 지원 강화",
        "부진 대리상 원인 분석 및 개선",
        "시장별 차별화 전략 수립"
      ]
    },
    "box3": {
      "stats": {
        "bo_profit": 1495364,
        "tgt_profit": 1683619,
        "gap": 188254
      },
      "summary": "TGT 영업이익은 168만K로 BO 대비 18.8만K(12.6%) 높으며, 전년 대비 3.5% 성장을 계획합니다. BO의 92% 대비 TGT의 수익성 개선 전망이 더욱 긍정적입니다.",
      "improvers": [
        {
          "code": "D028",
          "name": "샤먼 바이룬 의류 유한회사",
          "tgt_yoy": "241%",
          "comment": "영업이익 급증으로 수익성 대폭 개선"
        },
        {
          "code": "D014",
          "name": "충칭 쉬안거 상무 유한회사",
          "tgt_yoy": "167%",
          "comment": "매출 성장과 함께 수익성도 크게 향상"
        }
      ],
      "decliners": [
        {
          "code": "D032",
          "name": "선전 요우잉 무역 유한회사",
          "tgt_yoy": "58%",
          "bo_yoy": "125%",
          "comment": "영업이익 급감으로 수익구조 악화"
        },
        {
          "code": "D051",
          "name": "장쑤 수하오 국제그룹 주식유한회사",
          "tgt_yoy": "61%",
          "bo_yoy": "59%",
          "comment": "대형 대리상임에도 불구하고 수익성 크게 하락"
        }
      ],
      "most_dangerous": [
        {
          "code": "D032",
          "name": "선전 요우잉 무역 유한회사",
          "reason": "재고↑ + 이익↓",
          "comment": "재고 증가와 수익성 악화의 이중고 직면"
        },
        {
          "code": "D026",
          "name": "선전 푸뤄스 무역 유한회사",
          "reason": "매입↓ + 재고과다",
          "comment": "매입 부진과 재고 부담의 악순환 구조"
        }
      ],
      "actions": [
        "수익성 개선 대리상 성공 사례 확산",
        "위험 대리상 집중 관리",
        "지역별 수익성 격차 해소"
      ]
    },
    "box5": {
      "stats": {
        "sum": 8305529,
        "sum_yoy_pct": 90.3,
        "apparel": 5011769,
        "apparel_yoy_pct": 98.9,
        "acc": 3293760,
        "acc_yoy_pct": 79.8
      },
      "summary": "전체 매입은 83억K로 전년 대비 9.7% 감소하였으나, 의류는 98.9%로 안정적이고 ACC는 79.8%로 크게 축소되었습니다. 카테고리별 차별화된 매입 전략이 필요한 상황입니다.",
      "high_yoy": [
        {
          "code": "D073",
          "name": "산둥 더쥔펑 브랜드관리 유한회사",
          "note": "합계 YOY 166%로 가장 공격적 매입",
          "comment": "성장 동력 확보를 위한 전략적 매입 확대"
        },
        {
          "code": "D072",
          "name": "윈난 헝판 상무 유한회사",
          "note": "의류 YOY 116%, ACC YOY 135%로 전 카테고리 강화",
          "comment": "균형잡힌 포트폴리오 확장 전략"
        }
      ],
      "low_yoy": [
        {
          "code": "D026",
          "name": "선전 푸뤄스 무역 유한회사",
          "note": "합계 YOY 51%로 매입 대폭 축소",
          "comment": "시장 철수 또는 구조조정 단계로 추정"
        },
        {
          "code": "D001",
          "name": "상하이 링보 상무 유한회사",
          "note": "ACC YOY 41%로 액세서리 매입 급감",
          "comment": "카테고리별 선택과 집중 전략 필요"
        }
      ],
      "actions": [
        "ACC 카테고리 매입 전략 재검토",
        "성장 대리상 매입 지원 확대",
        "매입 효율성 기준 정립"
      ]
    },
    "box4": {
      "insights": [
        "TGT는 재고 효율성을 추구하면서도 매출·수익성 개선을 동시에 달성하는 균형 전략",
        "의류 Sell-through 개선과 ACC 재고주수 단축으로 전반적 재고 관리 효율성 향상",
        "지역별·대리상별 격차가 크므로 맞춤형 관리 전략이 필수"
      ],
      "urgent": [
        {
          "code": "D032",
          "name": "선전 요우잉 무역 유한회사",
          "action": "재고 소진 촉진 및 수익구조 개선 방안 수립"
        },
        {
          "code": "D030",
          "name": "XI＇AN MEISHANG",
          "action": "사업 지속 여부 검토 및 철수 계획 수립"
        }
      ],
      "reduce_inventory": [
        {
          "code": "D026",
          "name": "선전 푸뤄스 무역 유한회사",
          "action": "할인 판매 통한 재고 정리"
        },
        {
          "code": "D032",
          "name": "선전 요우잉 무역 유한회사",
          "action": "재고 회전율 개선 프로그램 적용"
        }
      ],
      "expand_sales": [
        {
          "code": "D073",
          "name": "산둥 더쥔펑 브랜드관리 유한회사",